date,department,seniority,headcount,new_hires,departures,voluntary_departures
2025-07-01,Engineering,Junior,71,4,0,0
2025-07-01,Engineering,Mid,91,4,2,1
2025-07-01,Engineering,Senior,94,2,4,3
2025-07-01,Sales,Junior,43,2,0,0
2025-07-01,Sales,Mid,21,3,0,0
2025-07-01,Sales,Senior,21,3,0,0
2025-07-01,Marketing,Junior,95,1,2,1
2025-07-01,Marketing,Mid,68,2,2,1
2025-07-01,Marketing,Senior,61,3,2,1
2025-07-01,Operations,Junior,34,2,0,0
2025-07-01,Operations,Mid,83,0,0,0
2025-07-01,Operations,Senior,70,4,1,0
2025-07-01,Support,Junior,37,3,1,0
2025-07-01,Support,Mid,33,1,0,0
2025-07-01,Support,Senior,72,1,2,1
2025-08-01,Engineering,Junior,79,3,1,0
2025-08-01,Engineering,Mid,66,2,3,2
2025-08-01,Engineering,Senior,55,1,1,0
2025-08-01,Sales,Junior,21,1,0,0
2025-08-01,Sales,Mid,82,1,3,2
2025-08-01,Sales,Senior,53,1,2,1
2025-08-01,Marketing,Junior,33,3,0,0
2025-08-01,Marketing,Mid,59,4,1,0
2025-08-01,Marketing,Senior,72,1,3,2
2025-08-01,Operations,Junior,79,3,1,0
2025-08-01,Operations,Mid,48,4,0,0
2025-08-01,Operations,Senior,90,0,3,2
2025-08-01,Support,Junior,27,2,0,0
2025-08-01,Support,Mid,27,2,1,0
2025-08-01,Support,Senior,24,1,0,0
2025-09-01,Engineering,Junior,60,3,2,1
2025-09-01,Engineering,Mid,91,3,1,0
2025-09-01,Engineering,Senior,67,4,2,1
2025-09-01,Sales,Junior,54,0,1,0
2025-09-01,Sales,Mid,66,2,2,1
2025-09-01,Sales,Senior,33,2,0,0
2025-09-01,Marketing,Junior,34,1,0,0
2025-09-01,Marketing,Mid,96,2,0,0
2025-09-01,Marketing,Senior,71,4,1,0
2025-09-01,Operations,Junior,42,4,1,0
2025-09-01,Operations,Mid,48,3,2,1
2025-09-01,Operations,Senior,90,2,3,2
2025-09-01,Support,Junior,47,1,1,0
2025-09-01,Support,Mid,81,0,0,0
2025-09-01,Support,Senior,47,3,0,0
2025-10-01,Engineering,Junior,49,2,0,0
2025-10-01,Engineering,Mid,81,0,1,0
2025-10-01,Engineering,Senior,46,0,1,0
2025-10-01,Sales,Junior,22,2,0,0
2025-10-01,Sales,Mid,56,0,0,0
2025-10-01,Sales,Senior,63,2,1,0
2025-10-01,Marketing,Junior,71,0,0,0
2025-10-01,Marketing,Mid,77,3,0,0
2025-10-01,Marketing,Senior,58,1,2,1
2025-10-01,Operations,Junior,75,0,1,0
2025-10-01,Operations,Mid,21,1,0,0
2025-10-01,Operations,Senior,20,2,0,0
2025-10-01,Support,Junior,72,3,1,0
2025-10-01,Support,Mid,89,3,0,0
2025-10-01,Support,Senior,75,2,0,0
2025-11-01,Engineering,Junior,57,4,1,0
2025-11-01,Engineering,Mid,89,2,3,2
2025-11-01,Engineering,Senior,35,0,0,0
2025-11-01,Sales,Junior,78,4,3,2
2025-11-01,Sales,Mid,78,3,0,0
2025-11-01,Sales,Senior,86,2,1,0
2025-11-01,Marketing,Junior,90,3,4,3
2025-11-01,Marketing,Mid,59,1,2,1
2025-11-01,Marketing,Senior,30,3,1,0
2025-11-01,Operations,Junior,69,1,0,0
2025-11-01,Operations,Mid,35,1,1,0
2025-11-01,Operations,Senior,79,0,0,0
2025-12-01,Engineering,Junior,67,3,1,0
2025-12-01,Engineering,Mid,51,2,0,0
2025-12-01,Engineering,Senior,38,2,1,0
2025-12-01,Sales,Junior,73,0,2,1
2025-12-01,Sales,Mid,94,0,0,0
2025-12-01,Sales,Senior,57,3,1,0
2025-12-01,Marketing,Junior,44,4,0,0
2025-12-01,Marketing,Mid,85,2,2,1
2025-12-01,Marketing,Senior,60,3,2,1
2025-12-01,Operations,Junior,52,4,0,0
2025-12-01,Operations,Mid,27,2,0,0
2025-12-01,Operations,Senior,52,3,1,0
2026-01-01,Engineering,Junior,41,4,0,0
2026-01-01,Engineering,Mid,27,2,0,0
2026-01-01,Engineering,Senior,40,0,1,0
2026-01-01,Sales,Junior,83,0,0,0
2026-01-01,Sales,Mid,80,2,2,1
2026-01-01,Sales,Senior,83,0,0,0
2026-01-01,Marketing,Junior,63,3,1,0
2026-01-01,Marketing,Mid,65,4,2,1
2026-01-01,Marketing,Senior,56,4,1,0
2026-01-01,Operations,Junior,72,2,3,2
2026-01-01,Operations,Mid,82,4,1,0
2026-01-01,Operations,Senior,52,2,0,0
2026-02-01,Engineering,Junior,44,1,2,1
2026-02-01,Engineering,Mid,77,2,2,1
2026-02-01,Engineering,Senior,43,1,1,0
2026-02-01,Sales,Junior,42,1,0,0
2026-02-01,Sales,Mid,21,1,0,0
2026-02-01,Sales,Senior,52,0,1,0
2026-02-01,Marketing,Junior,67,4,0,0
2026-02-01,Marketing,Mid,45,2,0,0
2026-02-01,Marketing,Senior,43,4,0,0
2026-02-01,Operations,Junior,26,0,0,0
2026-02-01,Operations,Mid,39,0,0,0
2026-02-01,Operations,Senior,35,3,1,0
2026-02-01,Support,Junior,34,3,0,0
2026-02-01,Support,Mid,51,2,1,0
2026-02-01,Support,Senior,82,4,3,2
2026-03-01,Engineering,Junior,77,0,0,0
2026-03-01,Engineering,Mid,89,2,0,0
2026-03-01,Engineering,Senior,27,4,0,0
2026-03-01,Sales,Junior,24,3,1,0
2026-03-01,Sales,Mid,66,2,2,1
2026-03-01,Sales,Senior,71,4,3,2
2026-03-01,Marketing,Junior,49,2,1,0
2026-03-01,Marketing,Mid,82,2,1,0
2026-03-01,Marketing,Senior,74,1,0,0
2026-03-01,Operations,Junior,81,0,2,1
2026-03-01,Operations,Mid,20,1,0,0
2026-03-01,Operations,Senior,53,0,1,0
2026-03-01,Support,Junior,20,4,0,0
2026-03-01,Support,Mid,82,4,2,1
2026-03-01,Support,Senior,86,3,2,1
2026-04-01,Engineering,Junior,70,4,1,0
2026-04-01,Engineering,Mid,48,3,0,0
2026-04-01,Engineering,Senior,81,3,5,4
2026-04-01,Sales,Junior,35,1,1,0
2026-04-01,Sales,Mid,52,4,1,0
2026-04-01,Sales,Senior,88,3,1,0
2026-04-01,Marketing,Junior,38,1,2,1
2026-04-01,Marketing,Mid,88,4,2,1
2026-04-01,Marketing,Senior,43,1,0,0
2026-04-01,Operations,Junior,51,2,6,4
2026-04-01,Operations,Mid,31,1,2,1
2026-04-01,Operations,Senior,52,0,6,4
2026-04-01,Support,Junior,62,4,5,4
2026-04-01,Support,Mid,84,0,8,6
2026-04-01,Support,Senior,62,3,2,1
2026-05-01,Engineering,Junior,31,1,0,0
2026-05-01,Engineering,Mid,54,0,5,4
2026-05-01,Engineering,Senior,45,1,0,0
2026-05-01,Sales,Junior,53,2,0,0
2026-05-01,Sales,Mid,94,4,1,0
2026-05-01,Sales,Senior,55,1,1,0
2026-05-01,Marketing,Junior,68,2,4,3
2026-05-01,Marketing,Mid,43,4,1,0
2026-05-01,Marketing,Senior,74,4,8,6
2026-05-01,Operations,Junior,49,0,3,2
2026-05-01,Operations,Mid,32,2,0,0
2026-05-01,Operations,Senior,31,4,4,3
2026-05-01,Support,Junior,95,0,4,3
2026-05-01,Support,Mid,97,3,8,6
2026-05-01,Support,Senior,35,4,0,0
2026-06-01,Engineering,Junior,31,0,2,1
2026-06-01,Engineering,Mid,72,0,1,0
2026-06-01,Engineering,Senior,72,1,26,20
2026-06-01,Sales,Junior,33,1,1,0
2026-06-01,Sales,Mid,94,1,3,2
2026-06-01,Sales,Senior,77,3,3,2
2026-06-01,Marketing,Junior,65,4,2,1
2026-06-01,Marketing,Mid,28,1,3,2
2026-06-01,Marketing,Senior,85,4,6,4
2026-06-01,Operations,Junior,57,2,4,3
2026-06-01,Operations,Mid,84,3,2,1
2026-06-01,Operations,Senior,90,0,7,5
2026-06-01,Support,Junior,55,3,0,0
2026-06-01,Support,Mid,80,3,6,4
2026-06-01,Support,Senior,93,1,4,3
