date,device,traffic_source,sessions,orders,revenue,returns
2026-01-05,Desktop,Organic,1626,110,7517.782688527801,9
2026-01-05,Desktop,Paid,1544,45,2951.975341512912,2
2026-01-05,Desktop,Direct,587,23,1478.5936812204636,1
2026-01-05,Desktop,Referral,1832,143,19053.92976344603,8
2026-01-05,Mobile,Organic,1715,136,15197.748530936946,10
2026-01-05,Mobile,Paid,752,34,2690.179076673343,2
2026-01-05,Mobile,Direct,1999,156,11431.232910712746,8
2026-01-05,Mobile,Referral,1457,46,4665.478416702614,3
2026-01-05,Tablet,Organic,1654,118,13927.6289553358,8
2026-01-05,Tablet,Paid,1797,138,20225.722056428916,12
2026-01-05,Tablet,Direct,1276,26,1900.3239466175874,1
2026-01-05,Tablet,Referral,1455,39,3881.189949433954,2
2026-01-12,Desktop,Organic,705,30,2046.7082633641871,2
2026-01-12,Desktop,Paid,1521,77,8059.669150943253,4
2026-01-12,Desktop,Direct,1202,84,7977.934720306032,5
2026-01-12,Desktop,Referral,1495,83,11801.55615069187,4
2026-01-12,Mobile,Organic,1775,40,3301.3213230530573,2
2026-01-12,Mobile,Paid,837,43,4673.030012354547,4
2026-01-12,Mobile,Direct,687,36,2307.3272099091455,3
2026-01-12,Mobile,Referral,564,11,1015.7416287770066,0
2026-01-12,Tablet,Organic,1147,23,3025.5612854461187,1
2026-01-12,Tablet,Paid,918,60,3444.2679104045424,4
2026-01-12,Tablet,Direct,540,40,5400.154311159196,2
2026-01-12,Tablet,Referral,1556,37,3000.6345903479505,2
2026-01-19,Desktop,Organic,598,33,2556.5819168672115,2
2026-01-19,Desktop,Paid,1112,87,11735.550271114931,7
2026-01-19,Desktop,Direct,1002,66,6559.050936004978,5
2026-01-19,Desktop,Referral,1538,40,3757.3460074630802,2
2026-01-19,Mobile,Organic,1363,79,6433.412250502981,5
2026-01-19,Mobile,Paid,984,34,3095.301938321141,2
2026-01-19,Mobile,Direct,1559,119,13076.499051213577,10
2026-01-19,Mobile,Referral,1077,61,4853.365483610055,3
2026-01-19,Tablet,Organic,1295,88,6041.816518197114,8
2026-01-19,Tablet,Paid,1854,73,4541.242069314915,4
2026-01-19,Tablet,Direct,689,18,1310.2832925754951,1
2026-01-19,Tablet,Referral,1127,46,3701.993787526934,2
2026-01-26,Desktop,Organic,1934,87,6282.337951095354,4
2026-01-26,Desktop,Paid,1183,40,2673.164168691723,2
2026-01-26,Desktop,Direct,1995,124,10709.007069503246,12
2026-01-26,Desktop,Referral,1063,37,4426.325809507217,3
2026-01-26,Mobile,Organic,1451,32,3550.60586873567,2
2026-01-26,Mobile,Paid,1354,49,6900.502841236604,3
2026-01-26,Mobile,Direct,1653,85,8056.156898871279,6
2026-01-26,Mobile,Referral,746,45,5677.288268979229,2
2026-01-26,Tablet,Organic,1266,86,8344.58545623593,8
2026-01-26,Tablet,Paid,1481,77,4545.231229418944,7
2026-01-26,Tablet,Direct,1647,83,9925.24629636432,7
2026-01-26,Tablet,Referral,1263,76,3926.067499851707,5
2026-02-02,Desktop,Organic,646,26,1550.059032837694,2
2026-02-02,Desktop,Paid,1050,80,5100.167553167947,5
2026-02-02,Desktop,Direct,972,31,3228.488718865454,2
2026-02-02,Desktop,Referral,762,45,5927.499900905472,3
2026-02-02,Mobile,Organic,1380,47,2787.5830086877263,4
2026-02-02,Mobile,Paid,1560,113,7782.390324257587,7
2026-02-02,Mobile,Direct,1315,93,12613.815914466259,6
2026-02-02,Mobile,Referral,1127,28,1852.5603994649184,2
2026-02-02,Tablet,Organic,753,15,902.2073142990482,1
2026-02-02,Tablet,Paid,1413,41,4299.808536403003,3
2026-02-02,Tablet,Direct,1456,48,5818.460262468172,2
2026-02-02,Tablet,Referral,1800,55,4765.578315205729,4
2026-02-09,Desktop,Organic,1718,102,10896.747754021811,5
2026-02-09,Desktop,Paid,969,34,2529.564787488884,3
2026-02-09,Desktop,Direct,1888,92,12936.108847010695,6
2026-02-09,Desktop,Referral,1800,90,9692.134961637232,6
2026-02-09,Mobile,Organic,952,32,3197.4188156312075,2
2026-02-09,Mobile,Paid,1715,100,6771.10679407049,9
2026-02-09,Mobile,Direct,976,35,4842.229077931906,3
2026-02-09,Mobile,Referral,1560,118,10952.57295014431,11
2026-02-09,Tablet,Organic,1622,127,7306.897451277828,8
2026-02-09,Tablet,Paid,1427,101,8250.912252078406,5
2026-02-09,Tablet,Direct,1065,65,6955.397605580873,3
2026-02-09,Tablet,Referral,1811,109,9359.249916128185,6
2026-02-16,Desktop,Organic,989,71,8809.457186054851,6
2026-02-16,Desktop,Paid,745,30,2380.77553279348,2
2026-02-16,Desktop,Direct,1420,80,4652.753443201923,4
2026-02-16,Desktop,Referral,535,36,4139.870150799955,3
2026-02-16,Mobile,Organic,899,20,2773.2342979013197,1
2026-02-16,Mobile,Paid,1877,48,5175.7446767816355,2
2026-02-16,Mobile,Direct,1074,84,11247.041417382652,7
2026-02-16,Mobile,Referral,804,17,2248.420953121419,1
2026-02-16,Tablet,Organic,943,37,4913.115314014079,2
2026-02-16,Tablet,Paid,504,23,3086.653072527557,1
2026-02-16,Tablet,Direct,1873,98,11146.813034682424,8
2026-02-16,Tablet,Referral,768,60,7287.570625079712,3
2026-02-23,Desktop,Organic,619,22,2065.7371255523994,1
2026-02-23,Desktop,Paid,1240,38,2207.317273145351,2
2026-02-23,Desktop,Direct,1512,35,4953.248046692682,2
2026-02-23,Desktop,Referral,1619,85,10324.065342950531,7
2026-02-23,Mobile,Organic,1396,107,13245.497008644723,8
2026-02-23,Mobile,Paid,1289,82,4491.27224707152,6
2026-02-23,Mobile,Direct,1958,128,6584.236654460875,7
2026-02-23,Mobile,Referral,1592,40,3245.653237565177,3
2026-02-23,Tablet,Organic,952,46,2750.0371389946067,3
2026-02-23,Tablet,Paid,1050,42,4051.6300143463677,3
2026-02-23,Tablet,Direct,1021,78,10816.10702092477,4
2026-02-23,Tablet,Referral,1261,95,9509.878897194962,7
2026-03-02,Desktop,Organic,1015,57,8230.182145996316,5
2026-03-02,Desktop,Paid,1395,81,10537.689286927438,6
2026-03-02,Desktop,Direct,879,24,3146.890024166407,2
2026-03-02,Desktop,Referral,1791,77,11251.16734144414,7
2026-03-02,Mobile,Organic,784,18,1081.400402479368,0
2026-03-02,Mobile,Paid,998,56,4684.703603376868,4
2026-03-02,Mobile,Direct,1104,78,4081.5210987394416,7
2026-03-02,Mobile,Referral,1116,55,6560.896972805666,3
2026-03-02,Tablet,Organic,1598,116,14326.824108125076,10
2026-03-02,Tablet,Paid,1260,66,6094.908219233582,5
2026-03-02,Tablet,Direct,1238,98,8943.65323373198,6
2026-03-02,Tablet,Referral,595,24,3433.8175814485553,2
2026-03-09,Desktop,Organic,1892,115,14258.950745144806,7
2026-03-09,Desktop,Paid,1796,93,9268.019073352621,6
2026-03-09,Desktop,Direct,896,66,5868.731079645477,3
2026-03-09,Desktop,Referral,1756,124,10600.824361737736,12
2026-03-09,Mobile,Organic,1234,95,10197.659937171218,7
2026-03-09,Mobile,Paid,1384,35,3858.5432406539167,2
2026-03-09,Mobile,Direct,1992,129,16661.369664063444,11
2026-03-09,Mobile,Referral,608,46,6781.541759258287,4
2026-03-09,Tablet,Organic,1133,52,7216.061750343159,3
2026-03-09,Tablet,Paid,1157,90,10692.270091575352,8
2026-03-09,Tablet,Direct,1412,36,2102.7845020139907,3
2026-03-09,Tablet,Referral,669,29,4036.501035452652,1
2026-03-16,Desktop,Organic,528,13,1932.631452051528,0
2026-03-16,Desktop,Paid,1865,128,18524.781790513392,12
2026-03-16,Desktop,Direct,1655,67,8094.814010407438,4
2026-03-16,Desktop,Referral,1375,73,6746.820667502926,6
2026-03-16,Mobile,Organic,538,24,1808.837217295533,1
2026-03-16,Mobile,Paid,1581,101,12798.668016396574,9
2026-03-16,Mobile,Direct,1524,92,6785.059535890724,6
2026-03-16,Mobile,Referral,1892,47,4833.339570096883,3
2026-03-16,Tablet,Organic,557,11,1616.866709378403,0
2026-03-16,Tablet,Paid,1672,37,5271.180321827305,3
2026-03-16,Tablet,Direct,1750,108,6214.693108569508,6
2026-03-16,Tablet,Referral,1828,112,10690.859925399061,9
2026-03-23,Desktop,Organic,1782,131,7145.347582473099,8
2026-03-23,Desktop,Paid,1235,28,2504.6610361027633,1
2026-03-23,Desktop,Direct,872,31,2133.1755951436603,2
2026-03-23,Desktop,Referral,1197,40,3063.7516998569563,2
2026-03-23,Mobile,Organic,1239,98,11741.984797393503,7
2026-03-23,Mobile,Paid,1428,63,6947.525856746781,4
2026-03-23,Mobile,Direct,1408,105,13886.641050693277,10
2026-03-23,Mobile,Referral,755,41,5818.623862525794,2
2026-03-23,Tablet,Organic,1297,93,5070.533631987561,4
2026-03-23,Tablet,Paid,873,59,8774.929162958171,3
2026-03-23,Tablet,Direct,1352,87,7769.008206116075,7
2026-03-23,Tablet,Referral,1188,83,8040.153226298254,5
2026-03-30,Desktop,Organic,884,18,1035.646308634432,1
2026-03-30,Desktop,Paid,1208,96,14367.713635909491,7
2026-03-30,Desktop,Direct,1496,95,11942.27141940333,6
2026-03-30,Desktop,Referral,1608,75,4718.695613636212,7
2026-03-30,Mobile,Organic,1216,39,5375.060603168849,3
2026-03-30,Mobile,Paid,533,22,1349.826702839184,1
2026-03-30,Mobile,Direct,1173,56,7455.680344350007,3
2026-03-30,Mobile,Referral,1577,123,7237.421147397453,11
2026-03-30,Tablet,Organic,900,25,1321.9566907833475,2
2026-03-30,Tablet,Paid,1352,78,10179.348406651025,7
2026-03-30,Tablet,Direct,1263,99,10970.069710464664,8
2026-03-30,Tablet,Referral,1858,85,11935.348903196862,5
2026-04-06,Desktop,Organic,665,31,4372.460963050146,4
2026-04-06,Desktop,Paid,1629,116,16814.43923442865,13
2026-04-06,Desktop,Direct,683,48,6090.805158313908,5
2026-04-06,Desktop,Referral,568,44,4367.5196135686265,5
2026-04-06,Mobile,Organic,542,18,1036.5539905955952,2
2026-04-06,Mobile,Paid,170,9,810.2704400192533,1
2026-04-06,Mobile,Direct,1399,43,3636.3693182926118,8
2026-04-06,Mobile,Referral,1718,87,12816.060038649908,13
2026-04-06,Tablet,Organic,1574,35,2341.272720752576,4
2026-04-06,Tablet,Paid,1033,26,1613.653264861562,3
2026-04-06,Tablet,Direct,845,62,3898.240069457792,8
2026-04-06,Tablet,Referral,1596,40,3924.581576225173,6
2026-04-13,Desktop,Organic,1579,114,16197.94536606267,12
2026-04-13,Desktop,Paid,1549,111,6488.138785255569,17
2026-04-13,Desktop,Direct,1218,63,8971.46308237683,7
2026-04-13,Desktop,Referral,527,22,2117.5763754929253,3
2026-04-13,Mobile,Organic,1025,29,1836.0390929036869,4
2026-04-13,Mobile,Paid,141,7,722.479439685721,0
2026-04-13,Mobile,Direct,1305,67,4974.552374352688,8
2026-04-13,Mobile,Referral,984,30,3191.8952760565094,5
2026-04-13,Tablet,Organic,585,23,1425.4529031842776,4
2026-04-13,Tablet,Paid,1735,84,7182.876147546161,13
2026-04-13,Tablet,Direct,1669,42,4355.847475637901,6
2026-04-13,Tablet,Referral,1892,101,8875.603522108024,13
2026-04-20,Desktop,Organic,1191,69,7388.370302215491,9
2026-04-20,Desktop,Paid,1376,54,7741.935848303323,5
2026-04-20,Desktop,Direct,776,22,1641.107002445918,2
2026-04-20,Desktop,Referral,1342,33,4309.354126245774,3
2026-04-20,Mobile,Organic,1660,41,4200.496697238044,5
2026-04-20,Mobile,Paid,104,8,1117.2882103792167,1
2026-04-20,Mobile,Direct,574,41,5399.995490892047,5
2026-04-20,Mobile,Referral,1003,63,8321.427280866123,10
2026-04-20,Tablet,Organic,1214,65,5069.864108791847,11
2026-04-20,Tablet,Paid,825,64,7750.095864555189,7
2026-04-20,Tablet,Direct,1031,35,2151.928886587212,5
2026-04-20,Tablet,Referral,819,20,2012.2079127186942,3
2026-04-27,Desktop,Organic,1344,69,3807.5824040747457,9
2026-04-27,Desktop,Paid,509,26,2727.1971477113407,3
2026-04-27,Desktop,Direct,1691,115,8678.367529783285,19
2026-04-27,Desktop,Referral,1284,34,3308.765083576434,5
2026-04-27,Mobile,Organic,1942,79,11293.280239557826,14
2026-04-27,Mobile,Paid,73,3,429.8814201299864,0
2026-04-27,Mobile,Direct,1087,46,6561.667348512671,7
2026-04-27,Mobile,Referral,1872,53,6864.916752857419,6
2026-04-27,Tablet,Organic,1297,90,6177.644881093297,11
2026-04-27,Tablet,Paid,577,29,2490.6084039581574,5
2026-04-27,Tablet,Direct,588,35,3331.8201045466376,5
2026-04-27,Tablet,Referral,1299,62,4968.542819817681,10
