date,customer,product,region,units,unit_price,revenue
2026-02-01,Churned account,Premium,Area 1,824,200,164800
2026-02-01,Existing accounts,Premium,Area 1,2301,200,460200
2026-02-01,Existing accounts,Premium,Area 2,3125,200,625000
2026-02-01,Existing accounts,Premium,Area 3,3125,200,625000
2026-02-01,Existing accounts,Premium,Area 4,3125,200,625000
2026-02-01,Existing accounts,Premium,Area 5,3125,200,625000
2026-02-01,Existing accounts,Premium,Area 6,3125,200,625000
2026-02-01,Existing accounts,Premium,Area 7,3125,200,625000
2026-02-01,Existing accounts,Premium,Area 8,3125,200,625000
2026-02-01,Existing accounts,Value,Area 1,12500,50,625000
2026-02-01,Existing accounts,Value,Area 2,12500,50,625000
2026-02-01,Existing accounts,Value,Area 3,12500,50,625000
2026-02-01,Existing accounts,Value,Area 4,12500,50,625000
2026-02-01,Existing accounts,Value,Area 5,12500,50,625000
2026-02-01,Existing accounts,Value,Area 6,12500,50,625000
2026-02-01,Existing accounts,Value,Area 7,12500,50,625000
2026-02-01,Existing accounts,Value,Area 8,12500,50,625000
2026-03-01,Existing accounts,Premium,Area 1,1500,200,300000
2026-03-01,Existing accounts,Premium,Area 2,1500,200,300000
2026-03-01,Existing accounts,Premium,Area 3,1500,200,300000
2026-03-01,Existing accounts,Premium,Area 4,1500,200,300000
2026-03-01,Existing accounts,Premium,Area 5,1500,200,300000
2026-03-01,Existing accounts,Premium,Area 6,1500,200,300000
2026-03-01,Existing accounts,Premium,Area 7,1500,200,300000
2026-03-01,Existing accounts,Premium,Area 8,3600,200,720000
2026-03-01,Existing accounts,Value,Area 1,13232,50,661600
2026-03-01,Existing accounts,Value,Area 2,13232,50,661600
2026-03-01,Existing accounts,Value,Area 3,13232,50,661600
2026-03-01,Existing accounts,Value,Area 4,13232,50,661600
2026-03-01,Existing accounts,Value,Area 5,13232,50,661600
2026-03-01,Existing accounts,Value,Area 6,13232,50,661600
2026-03-01,Existing accounts,Value,Area 7,13232,50,661600
2026-03-01,Existing accounts,Value,Area 8,9776,50,488800
